"","instr","college_student","inFavor_inclusion_diffRating_in_Qguide","strongOpin","age","male","gender_TEXT","yearSchool","condition","instr_A","product_clean1","product_neutral1","product_neutral2","product_clean2","product_clean3","product_neutral3","product_clean4","product_neutral4","product_neutral5","product_clean5","selfAliena_1","selfAliena_2","selfAliena_3","selfAliena_4","amountChoice_writing_essay","av_products_clean","av_products_neutral","self_alienation","amount_choice","cond_Num"
"1",1,1,1,7,22,0,"            ","senior                                            ","No_Choice     ",1,7,4,7,6,1,2,2,1,1,1,2,2,3,1,2,3.4,3,2,2,0
"2",1,1,1,7,21,0,"            ","Junior                                            ","ProAttitudinal",1,4,5,6,5,2,1,2,1,1,1,3,3,2,1,6,2.8,2.8,2.25,6,2
"3",1,1,1,7,21,0,"            ","Junior                                            ","High_Choice   ",1,5,6,7,6,5,2,6,2,6,5,3,2,4,3,1,5.4,4.6,3,1,1
"4",1,1,1,4,18,0,"            ","Freshman                                          ","High_Choice   ",1,4,6,5,6,6,3,4,2,2,3,4,3,3,3,4,4.6,3.6,3.25,4,1
"5",1,1,1,7,21,0,"            ","Senior                                            ","High_Choice   ",1,1,6,5,5,1,2,2,1,1,1,3,2,2,2,1,2,3,2.25,1,1
"6",1,1,1,3,18,0,"            ","Freshman                                          ","ProAttitudinal",1,3,4,1,6,2,2,4,1,1,3,3,3,3,3,5,3.6,1.8,3,5,2
"7",1,1,1,7,18,1,"            ","Freshman (Class of 2018)                          ","No_Choice     ",1,5,2,1,4,5,5,6,2,7,7,5,4,2,2,3,5.4,3.4,3.25,3,0
"8",1,1,1,6,22,0,"            ","Senior                                            ","High_Choice   ",1,6,7,7,6,5,6,7,1,4,6,5,5,5,4,5,6,5,4.75,5,1
"9",1,1,1,7,21,1,"            ","Junior                                            ","High_Choice   ",1,1,4,5,2,1,1,1,1,3,2,2,2,1,1,1,1.4,2.8,1.5,1,1
"10",1,1,1,6,21,1,"            ","Senior                                            ","ProAttitudinal",1,5,5,3,7,2,6,5,2,6,3,1,1,1,1,6,4.4,4.4,1,6,2
"11",1,1,1,6,19,0,"            ","2nd                                               ","High_Choice   ",1,6,6,1,1,5,1,1,3,1,7,1,1,1,1,5,4,2.4,1,5,1
"12",1,1,1,6,21,0,"            ","Senior                                            ","ProAttitudinal",1,4,4,6,4,4,5,4,2,5,4,2,1,1,1,7,4,4.4,1.25,7,2
"13",1,1,1,7,20.5,0,"            ","3rd                                               ","ProAttitudinal",1,4,4,4,7,5,5,5,1,1,6,1,1,1,1,7,5.4,3,1,7,2
"14",1,1,1,2,18,1,"            ","Freshman (First Year)                             ","ProAttitudinal",1,5,4,5,5,4,4,5,2,3,4,2,2,2,2,5,4.6,3.6,2,5,2
"15",1,1,0,4,28,1,"            ","Senior                                            ","No_Choice     ",1,4,5,6,6,3,3,5,2,6,6,2,2,5,5,4,4.8,4.4,3.5,4,0
"16",1,1,1,7,22,1,"            ","Senior                                            ","High_Choice   ",1,3,3,7,5,4,4,3,3,2,6,2,1,1,1,2,4.2,3.8,1.25,2,1
"17",1,1,1,6,21,1,"            ","Senior                                            ","No_Choice     ",1,5,6,7,3,5,2,4,2,6,4,2,2,2,2,1,4.2,4.6,2,1,0
"18",1,1,1,7,20,0,"            ","2016                                              ","ProAttitudinal",1,5,3,7,6,1,1,7,1,2,1,1,1,1,1,4,4,2.8,1,4,2
"19",1,1,1,5,22,1,"            ","2015                                              ","No_Choice     ",1,5,1,5,5,7,1,6,1,6,7,6,7,6,6,7,6,2.8,6.25,7,0
"20",1,1,1,6,20,0,"            ","Sophomore                                         ","High_Choice   ",1,1,4,7,1,1,2,1,5,5,1,4,4,4,4,2,1,4.6,4,2,1
"21",1,1,1,5,18,0,"            ","Sophomore                                         ","No_Choice     ",1,5,4,5,5,4,4,4,4,5,4,4,4,5,4,2,4.4,4.4,4.25,2,0
"22",1,1,1,5,20,0,"            ","Junior                                            ","No_Choice     ",1,6,5,3,2,1,1,5,1,2,1,3,2,2,2,3,3,2.4,2.25,3,0
"23",1,1,1,1,20,1,"            ","Sophomore                                         ","No_Choice     ",1,2,1,3,3,2,3,6,1,2,2,2,3,2,1,2,3,2,2,2,0
"24",1,1,1,5,22,1,"            ","senior                                            ","ProAttitudinal",1,4,4,4,4,4,4,4,4,4,4,2,2,2,2,4,4,4,2,4,2
"25",1,1,1,7,19,1,"            ","Sophomore                                         ","High_Choice   ",1,6,4,4,4,3,5,5,3,6,3,2,2,2,1,7,4.2,4.4,1.75,7,1
"26",1,1,1,3,20,0,"            ","Sophomore                                         ","ProAttitudinal",1,4,3,1,1,1,3,4,1,3,1,2,2,2,2,7,2.2,2.2,2,7,2
"27",1,1,1,5,19,0,"            ","sophomore                                         ","No_Choice     ",1,5,4,1,3,4,4,5,1,1,4,1,1,1,1,1,4.2,2.2,1,1,0
"28",1,1,1,6,19,1,"            ","Sophomore                                         ","ProAttitudinal",1,5,3,6,6,5,3,5,2,4,4,2,2,2,2,6,5,3.6,2,6,2
"29",1,1,1,6,20,0,"            ","Junior                                            ","High_Choice   ",1,7,7,3,5,3,2,3,1,1,2,5,2,2,2,5,4,2.8,2.75,5,1
"30",1,1,1,6,21,1,"            ","Junior (2016)                                     ","ProAttitudinal",1,4,5,6,5,4,5,6,2,5,4,2,2,2,2,7,4.6,4.6,2,7,2
"31",1,1,1,7,19,1,"            ","Sophomore                                         ","High_Choice   ",1,7,3,4,7,7,2,7,1,2,7,2,2,2,2,7,7,2.4,2,7,1
"32",1,1,1,7,19,1,"            ","Sophomore                                         ","No_Choice     ",1,6,5,7,5,3,2,4,3,3,3,1,1,1,1,1,4.2,4,1,1,0
"33",1,1,1,6,20,0,"            ","Junior                                            ","No_Choice     ",1,6,6,7,5,4,4,4,4,5,5,5,2,2,2,3,4.8,5.2,2.75,3,0
"34",1,1,1,7,18,1,"            ","Freshman                                          ","ProAttitudinal",1,5,4,6,2,1,1,2,2,6,3,1,1,1,1,5,2.6,3.8,1,5,2
"35",1,1,1,7,18,0,"            ","2018                                              ","No_Choice     ",1,5,6,7,7,7,2,3,1,7,5,5,3,1,1,4,5.4,4.6,2.5,4,0
"36",1,1,1,5,19,1,"            ","Sophomore                                         ","ProAttitudinal",1,3,3,1,3,1,1,1,1,1,1,3,2,2,2,5,1.8,1.4,2.25,5,2
"37",1,1,1,5,18,0,"            ","Freshman                                          ","High_Choice   ",1,6,5,5,3,1,1,3,2,6,5,3,4,3,3,2,3.6,3.8,3.25,2,1
"38",1,1,1,6,20,1,"            ","Sophomore                                         ","ProAttitudinal",1,7,3,4,4,4,4,4,3,2,5,2,1,1,1,1,4.8,3.2,1.25,1,2
"39",1,1,1,5,20,0,"            ","Junior                                            ","No_Choice     ",1,2,6,4,3,1,1,2,1,3,1,2,3,2,3,1,1.8,3,2.5,1,0
"40",1,1,1,6,22,1,"            ","Senior                                            ","High_Choice   ",1,2,6,4,5,2,7,3,1,4,2,3,2,2,1,4,2.8,4.4,2,4,1
"41",1,1,1,5,18,0,"            ","Freshman                                          ","No_Choice     ",1,4,2,4,2,1,1,1,1,5,2,5,2,2,2,1,2,2.6,2.75,1,0
"42",1,1,1,5,19,0,"            ","2017                                              ","High_Choice   ",1,2,3,6,1,1,3,2,1,1,5,2,2,2,2,4,2.2,2.8,2,4,1
"43",1,1,1,1,20,1,"            ","2016                                              ","High_Choice   ",1,3,1,1,3,2,2,3,2,1,2,4,4,1,1,1,2.6,1.4,2.5,1,1
"44",1,1,1,6,20,0,"            ","3rd year, class of 2016                           ","ProAttitudinal",1,2,6,2,6,5,5,5,1,2,6,2,2,2,2,2,4.8,3.2,2,2,2
"45",1,1,1,7,19,0,"            ","sophomore                                         ","High_Choice   ",1,2,1,6,1,1,1,1,1,2,1,1,1,1,1,1,1.2,2.2,1,1,1
"46",1,1,1,7,19,0,"            ","Junior                                            ","ProAttitudinal",1,7,7,3,6,4,5,4,1,1,4,2,2,2,1,4,5,3.4,1.75,4,2
"47",1,1,1,5,21,1,"            ","Senior                                            ","No_Choice     ",1,7,4,7,7,2,6,7,2,6,6,5,2,2,2,4,5.8,5,2.75,4,0
"48",1,1,1,4,20,0,"            ","3                                                 ","ProAttitudinal",1,4,4,1,4,1,1,2,1,1,3,3,1,1,1,3,2.8,1.6,1.5,3,2
"49",1,1,1,7,19,1,"            ","Sophomore                                         ","No_Choice     ",1,1,7,7,7,7,7,7,4,3,6,1,1,1,1,1,5.6,5.6,1,1,0
"50",1,1,1,6,25,0,"            ","Junior 2nd term                                   ","High_Choice   ",1,6,7,2,4,1,1,6,1,2,6,5,3,5,5,2,4.6,2.6,4.5,2,1
"51",1,1,0,5,21,1,"            ","Senior                                            ","High_Choice   ",1,6,6,5,7,6,4,5,2,7,7,3,1,2,2,2,6.2,4.8,2,2,1
"52",1,1,1,6,20,0,"            ","junior                                            ","High_Choice   ",1,4,6,5,4,4,4,5,2,6,5,4,4,5,5,4,4.4,4.6,4.5,4,1
"53",1,1,1,7,19,0,"            ","Sophomore                                         ","No_Choice     ",1,6,4,7,3,3,7,4,1,2,5,5,2,5,5,1,4.2,4.2,4.25,1,0
"54",1,1,0,4,22,1,"            ","Senior                                            ","ProAttitudinal",1,5,6,4,5,6,6,3,1,2,6,2,2,2,2,7,5,3.8,2,7,2
"55",1,1,1,7,20,0,"            ","Junior                                            ","No_Choice     ",1,6,3,6,4,5,3,5,3,6,5,3,4,5,5,2,5,4.2,4.25,2,0
"56",1,1,1,6,18,0,"            ","Freshman                                          ","No_Choice     ",1,5,5,5,5,3,3,4,2,5,3,5,5,5,6,2,4,4,5.25,2,0
"57",1,1,1,4,18,0,"            ","1                                                 ","No_Choice     ",1,3,4,6,4,1,1,1,1,2,1,5,3,2,6,3,2,2.8,4,3,0
"58",1,1,1,6,18,0,"            ","sophomore                                         ","High_Choice   ",1,6,6,1,6,4,6,6,1,3,6,2,2,2,2,4,5.6,3.4,2,4,1
"59",1,1,1,5,19,1,"            ","Sophomore                                         ","ProAttitudinal",1,4,4,5,3,2,2,2,1,4,3,2,2,2,2,7,2.8,3.2,2,7,2
"60",1,1,1,5,21,0,"            ","junior                                            ","ProAttitudinal",1,4,5,5,2,1,1,2,1,6,2,2,2,2,2,6,2.2,3.6,2,6,2
"61",1,1,1,7,20,0,"            ","Sophomore                                         ","No_Choice     ",1,1,4,4,4,1,1,5,1,1,3,2,2,2,2,1,2.8,2.2,2,1,0
"62",1,1,1,6,21,0,"            ","junior                                            ","No_Choice     ",1,6,6,6,5,2,5,5,1,2,3,5,3,5,3,1,4.2,4,4,1,0
"63",1,1,1,6,19,1,"            ","Senior                                            ","High_Choice   ",1,5,7,5,7,5,4,5,4,2,5,6,5,5,4,2,5.4,4.4,5,2,1
"64",1,1,1,7,20,1,"            ","Sophomore                                         ","ProAttitudinal",1,6,6,4,4,5,7,5,3,4,3,2,2,1,1,6,4.6,4.8,1.5,6,2
"65",1,1,1,7,20,1,"            ","junior                                            ","High_Choice   ",1,4,1,2,3,1,4,3,5,1,1,2,2,3,3,5,2.4,2.6,2.5,5,1
"66",1,1,1,7,19,0,"            ","Sophomore                                         ","High_Choice   ",1,7,4,7,7,2,4,6,3,5,4,3,3,5,5,1,5.2,4.6,4,1,1
"67",1,1,1,7,20,0,"            ","Junior                                            ","High_Choice   ",1,5,4,7,5,2,2,4,2,6,4,5,2,2,1,1,4,4.2,2.5,1,1
"68",1,1,1,6,21,0,"            ","senior                                            ","ProAttitudinal",1,4,1,2,5,5,7,7,1,1,1,2,2,2,2,5,4.4,2.4,2,5,2
"69",1,1,1,6,21,0,"            ","Senior                                            ","High_Choice   ",1,5,5,2,5,2,4,5,1,1,4,1,1,1,1,3,4.2,2.6,1,3,1
"70",1,1,1,4,20,0,"            ","Junior                                            ","ProAttitudinal",1,4,4,5,3,3,1,2,2,2,2,5,5,4,4,5,2.8,2.8,4.5,5,2
"71",1,1,1,7,22,0,"            ","Senior                                            ","No_Choice     ",1,4,5,5,4,2,1,2,1,5,3,5,3,1,1,4,3,3.4,2.5,4,0
"72",1,1,1,7,21,1,"            ","2105                                              ","ProAttitudinal",1,7,3,7,5,2,2,3,2,5,2,1,3,3,3,6,3.8,3.8,2.5,6,2
"73",1,1,1,7,21,0,"            ","senior                                            ","High_Choice   ",1,6,6,6,6,2,2,5,1,6,4,2,2,1,2,5,4.6,4.2,1.75,5,1
"74",1,1,1,6,21,0,"            ","senior                                            ","No_Choice     ",1,6,7,3,6,5,4,6,2,1,4,2,2,2,2,2,5.4,3.4,2,2,0
"75",1,1,1,6,21,0,"            ","Senior                                            ","ProAttitudinal",1,7,4,5,5,3,3,6,4,3,3,1,1,1,1,7,4.8,3.8,1,7,2
"76",1,1,1,7,19,1,"            ","Sophomore                                         ","High_Choice   ",1,5,6,7,6,5,5,5,2,6,4,2,3,6,5,5,5,5.2,4,5,1
"77",1,1,1,6,21,0,"            ","Senior                                            ","ProAttitudinal",1,4,4,3,3,2,2,2,2,5,1,3,2,2,2,6,2.4,3.2,2.25,6,2
"78",1,1,1,7,22,0,"            ","Senior                                            ","High_Choice   ",1,5,6,7,6,6,6,7,1,3,7,3,5,2,5,4,6.2,4.6,3.75,4,1
"79",1,1,1,6,22,1,"            ","senior                                            ","No_Choice     ",1,4,2,2,5,2,5,5,1,1,7,2,2,4,3,1,4.6,2.2,2.75,1,0
"80",1,1,1,6,18,1,"            ","freshman                                          ","High_Choice   ",1,7,2,1,4,6,3,1,1,3,6,3,2,2,2,3,4.8,2,2.25,3,1
"81",1,1,1,6,20,1,"            ","Junior                                            ","ProAttitudinal",1,5,3,6,6,3,5,7,1,1,3,2,2,2,2,6,4.8,3.2,2,6,2
"82",1,1,1,7,21,1,"            ","Senior                                            ","High_Choice   ",1,3,5,1,2,2,3,5,1,1,1,1,2,2,1,7,2.6,2.2,1.5,7,1
"83",1,1,1,4,19,0,"            ","Sophomore                                         ","ProAttitudinal",1,7,1,1,7,1,7,7,1,7,1,2,2,2,2,4,4.6,3.4,2,4,2
"84",1,1,1,7,18,3,"trans       ","freshman                                          ","No_Choice     ",1,5,2,4,5,2,5,5,1,4,2,2,2,2,2,1,3.8,3.2,2,1,0
"85",1,1,1,5,21,0,"            ","Junior                                            ","No_Choice     ",1,7,7,7,4,4,4,6,1,2,6,2,2,3,2,1,5.4,4.2,2.25,1,0
"86",1,1,1,5,21,0,"            ","2015                                              ","ProAttitudinal",1,6,6,7,6,6,7,6,2,3,6,2,2,2,2,6,6,5,2,6,2
"87",1,1,0,5,24,0,"            ","senior                                            ","ProAttitudinal",1,4,4,4,4,4,4,4,4,4,4,4,4,4,4,5,4,4,4,5,2
"88",1,1,1,7,19,1,"            ","Sophomore                                         ","ProAttitudinal",1,5,3,7,5,4,5,6,2,1,6,2,2,1,1,4,5.2,3.6,1.5,4,2
"89",1,1,1,6,19,1,"            ","Sophmore                                          ","ProAttitudinal",1,5,4,7,4,4,1,5,1,4,4,3,2,1,1,4,4.4,3.4,1.75,4,2
"90",1,1,1,7,20,1,"            ","Junior                                            ","ProAttitudinal",1,4,4,5,6,3,4,4,1,4,3,2,1,1,1,7,4,3.6,1.25,7,2
"91",1,1,1,7,21,1,"            ","Senior                                            ","ProAttitudinal",1,2,1,1,1,1,1,1,1,7,1,1,1,1,1,2,1.2,2.2,1,2,2
"92",1,1,1,3,18,0,"            ","Freshman Class of 2018                            ","High_Choice   ",1,4,3,2,6,4,2,6,1,6,2,6,3,5,1,5,4.4,2.8,3.75,5,1
"93",1,1,1,6,21,0,"            ","Senior                                            ","No_Choice     ",1,2,2,4,1,1,1,2,1,2,1,3,3,3,3,1,1.4,2,3,1,0
"94",1,1,1,7,21,1,"            ","Junior                                            ","High_Choice   ",1,7,5,7,7,3,6,7,1,4,7,1,1,1,1,3,6.2,4.6,1,3,1
"95",1,1,1,6,22,1,"            ","4                                                 ","High_Choice   ",1,3,4,5,3,2,4,3,2,4,3,3,4,5,3,1,2.8,3.8,3.75,1,1
"96",1,1,1,4,19,0,"            ","Sophomore                                         ","High_Choice   ",1,5,6,7,5,4,1,4,1,7,4,1,1,1,1,2,4.4,4.4,1,2,1
"97",1,1,1,6,18,1,"            ","Sophomore                                         ","No_Choice     ",1,2,6,7,3,2,7,3,1,6,4,2,2,2,2,2,2.8,5.4,2,2,0
"98",1,1,1,5,19,1,"            ","Sophomore ('17)                                   ","High_Choice   ",1,5,3,2,5,5,3,5,2,6,4,2,3,6,5,1,4.8,3.2,4,1,1
"99",1,1,1,4,21,0,"            ","2015                                              ","No_Choice     ",1,4,4,1,4,2,5,4,2,1,2,3,2,2,1,4,3.2,2.6,2,4,0
"100",1,1,1,6,19,0,"            ","2017                                              ","No_Choice     ",1,4,6,7,5,3,3,6,4,7,5,2,2,3,2,1,4.6,5.4,2.25,1,0
"101",1,1,1,6,19,1,"            ","Class of 2017                                     ","ProAttitudinal",1,4,6,3,4,4,6,5,2,4,6,2,2,2,2,6,4.6,4.2,2,6,2
"102",1,1,1,6,19,0,"            ","3rd yr                                            ","ProAttitudinal",1,5,4,7,3,4,5,7,1,7,6,1,2,2,2,7,5,4.8,1.75,7,2
"103",1,1,1,5,21,1,"            ","Junior                                            ","No_Choice     ",1,2,3,1,1,1,1,2,1,1,1,2,2,2,2,2,1.4,1.4,2,2,0
"104",1,1,1,7,22,0,"            ","Senior                                            ","ProAttitudinal",1,5,4,7,3,1,4,1,1,1,1,1,1,1,1,7,2.2,3.4,1,7,2
"105",1,1,1,6,21,0,"            ","senior                                            ","ProAttitudinal",1,6,3,6,5,5,2,2,1,2,4,1,1,1,1,5,4.4,2.8,1,5,2
"106",1,1,1,4,22,1,"            ","Senior                                            ","No_Choice     ",1,1,1,4,3,1,3,1,1,4,1,7,2,2,2,1,1.4,2.6,3.25,1,0
"107",1,1,1,7,20,0,"            ","junior (class of 2016)                            ","No_Choice     ",1,7,3,2,6,3,3,3,2,5,2,2,2,2,2,1,4.2,3,2,1,0
"108",1,1,1,7,21,1,"            ","Senior                                            ","No_Choice     ",1,7,2,7,6,1,5,5,1,1,4,1,1,6,7,2,4.6,3.2,3.75,2,0
"109",1,1,1,5,20,1,"            ","Junior                                            ","High_Choice   ",1,6,5,4,4,2,2,3,1,1,2,1,1,1,1,1,3.4,2.6,1,1,1
"110",1,1,1,6,18,1,"            ","2                                                 ","High_Choice   ",1,6,3,4,6,2,4,5,2,7,6,1,1,1,1,1,5,4,1,1,1
"111",1,1,1,7,20,0,"            ","senior                                            ","No_Choice     ",1,7,7,7,7,7,7,7,1,7,7,5,3,2,2,3,7,5.8,3,3,0
"112",1,1,1,5,19,1,"            ","Sophomore                                         ","ProAttitudinal",1,5,5,2,5,5,5,5,2,3,5,2,2,2,2,5,5,3.4,2,5,2
"113",1,1,1,6,21,1,"            ","Junior                                            ","High_Choice   ",1,4,5,5,3,3,4,4,5,6,4,3,3,3,3,5,3.6,5,3,5,1
"114",1,1,1,7,21,1,"            ","Senior                                            ","High_Choice   ",1,5,2,7,5,3,3,5,1,7,2,1,1,1,1,4,4,4,1,4,1
"115",1,1,1,7,21,0,"            ","senior                                            ","ProAttitudinal",1,5,5,3,3,3,4,5,3,5,4,2,2,2,2,5,4,4,2,5,2
"116",1,1,1,1,21,0,"            ","senior                                            ","No_Choice     ",1,4,5,3,4,4,4,5,3,4,4,3,3,2,1,4,4.2,3.8,2.25,4,0
"117",1,1,1,7,18,0,"            ","2017                                              ","ProAttitudinal",1,1,4,4,5,1,2,4,1,3,4,1,1,1,1,7,3,2.8,1,7,2
"118",1,1,1,4,20,1,"            ","Junior                                            ","High_Choice   ",1,6,6,6,6,5,7,7,3,3,5,2,2,2,2,2,5.8,5,2,2,1
"119",1,1,1,5,21,1,"            ","jumior                                            ","ProAttitudinal",1,4,5,6,6,4,4,5,4,5,4,3,3,3,3,6,4.6,4.8,3,6,2
"120",1,1,1,6,20,0,"            ","Junior                                            ","No_Choice     ",1,6,6,2,7,2,2,5,4,1,1,1,1,1,1,2,4.2,3,1,2,0
"121",1,1,1,6,21,0,"            ","Senior                                            ","ProAttitudinal",1,7,5,7,7,4,5,7,4,3,7,1,1,1,1,5,6.4,4.8,1,5,2
"122",1,1,1,6,18,0,"            ","2017                                              ","No_Choice     ",1,1,7,4,5,2,6,5,4,5,5,3,3,3,3,5,3.6,5.2,3,5,0
"123",1,1,1,5,22,1,"            ","Senior                                            ","High_Choice   ",1,1,4,1,1,1,6,4,1,1,1,1,1,1,1,7,1.6,2.6,1,7,1
"124",1,1,1,6,19,0,"            ","Sophomore (2017)                                  ","No_Choice     ",1,3,7,3,5,6,5,5,2,3,4,1,1,1,1,2,4.6,4,1,2,0
"125",1,1,1,4,18,0,"            ","Freshman                                          ","High_Choice   ",1,7,7,5,6,5,7,3,5,5,1,1,1,1,5,1,4.4,5.8,2,1,1
"126",1,1,1,7,19,1,"            ","Sophomore                                         ","No_Choice     ",1,4,4,1,6,5,7,6,1,5,5,4,1,2,2,1,5.2,3.6,2.25,1,0
"127",1,1,1,6,20,0,"            ","Junior                                            ","High_Choice   ",1,5,4,6,3,1,3,2,1,6,4,3,3,3,3,2,3,4,3,2,1
"128",1,1,1,4,19,0,"            ","2016                                              ","ProAttitudinal",1,6,6,2,2,2,2,6,2,6,6,4,5,5,4,4,4.4,3.6,4.5,4,2
"129",1,1,1,7,22,1,"            ","senior                                            ","No_Choice     ",1,6,2,7,5,6,1,4,1,1,4,6,1,1,1,7,5,2.4,2.25,7,0
"130",1,1,1,7,19,0,"            ","2                                                 ","ProAttitudinal",1,3,3,6,3,1,1,3,1,7,1,5,1,1,1,4,2.2,3.6,2,4,2
"131",1,1,1,7,22,1,"            ","2015                                              ","No_Choice     ",1,4,4,4,4,2,2,3,2,6,3,2,2,1,1,1,3.2,3.6,1.5,1,0
"132",1,1,1,3,21,1,"            ","Junior                                            ","High_Choice   ",1,2,5,6,1,3,2,4,1,2,4,5,5,4,2,3,2.8,3.2,4,3,1
"133",1,1,1,7,19,0,"            ","2017                                              ","High_Choice   ",1,1,5,5,7,3,2,5,6,2,3,3,1,5,5,3,3.8,4,3.5,3,1
"134",1,1,1,6,21,0,"            ","senior                                            ","ProAttitudinal",1,1,6,4,7,6,6,7,1,1,3,1,1,6,1,7,4.8,3.6,2.25,7,2
"135",1,1,1,6,19,0,"            ","freshman                                          ","No_Choice     ",1,1,5,1,7,4,3,4,2,5,5,5,2,2,5,2,4.2,3.2,3.5,2,0
"136",1,1,1,7,21,0,"            ","2015                                              ","ProAttitudinal",1,1,4,5,1,1,1,1,1,1,1,2,2,2,2,5,1,2.4,2,5,2
"137",1,1,1,6,20,0,"            ","3rd year - Class of 2016                          ","ProAttitudinal",1,6,6,2,6,3,6,6,1,1,6,3,3,3,3,3,5.4,3.2,3,3,2
"138",1,1,1,6,20,0,"            ","Senior                                            ","ProAttitudinal",1,6,6,7,6,4,5,6,2,3,7,2,2,2,2,3,5.8,4.6,2,3,2
"139",1,1,1,6,21,0,"            ","2015                                              ","No_Choice     ",1,5,5,3,5,4,3,5,2,5,4,2,2,2,2,2,4.6,3.6,2,2,0
"140",1,1,1,6,21,0,"            ","senior                                            ","High_Choice   ",1,5,6,2,5,4,4,5,2,1,4,2,2,2,2,4,4.6,3,2,4,1
"141",1,1,1,5,21,0,"            ","4                                                 ","ProAttitudinal",1,4,6,2,3,2,3,5,2,2,6,4,2,2,2,5,4,3,2.5,5,2
"142",1,1,1,7,19,0,"            ","sophomore                                         ","ProAttitudinal",1,5,2,1,1,4,1,1,1,1,1,2,1,1,1,7,2.4,1.2,1.25,7,2
"143",1,1,1,7,21,1,"            ","2015                                              ","No_Choice     ",1,7,2,2,7,7,2,7,2,2,7,1,1,7,1,5,7,2,2.5,5,0
"144",1,1,1,6,19,1,"            ","Sophomore                                         ","No_Choice     ",1,6,5,5,5,4,4,4,4,6,4,3,3,3,3,1,4.6,4.8,3,1,0
"145",1,1,1,5,19,0,"            ","sophomore                                         ","High_Choice   ",1,5,5,4,5,3,5,5,4,5,5,5,3,3,2,6,4.6,4.6,3.25,6,1
"146",1,1,1,7,20,0,"            ","Junior                                            ","High_Choice   ",1,6,6,2,2,1,1,4,1,2,2,2,2,2,2,6,3,2.4,2,6,1
"147",1,1,1,7,21,0,"            ","senior                                            ","No_Choice     ",1,6,7,7,6,2,2,5,1,5,4,2,2,2,2,5,4.6,4.4,2,5,0
"148",1,1,1,2,20,0,"            ","2016                                              ","No_Choice     ",1,5,5,6,7,1,7,5,1,4,1,5,5,4,4,4,3.8,4.6,4.5,4,0
"149",1,1,1,6,21,0,"            ","Senior                                            ","ProAttitudinal",1,6,6,6,6,2,2,2,1,6,4,1,1,1,1,6,4,4.2,1,6,2
"150",1,1,1,5,19,0,"            ","Sophomore-Class of 2017                           ","High_Choice   ",1,4,5,3,6,6,6,7,3,7,5,3,1,1,1,7,5.6,4.8,1.5,7,1
"151",1,1,1,5,18,1,"            ","2017; sophomore                                   ","High_Choice   ",1,4,5,6,4,4,3,4,2,4,4,2,3,2,3,1,4,4,2.5,1,1
"152",1,1,1,4,20,0,"            ","junior                                            ","High_Choice   ",1,4,7,4,6,4,4,4,5,6,4,3,3,1,1,2,4.4,5.2,2,2,1
"153",1,1,1,5,21,1,"            ","senior                                            ","ProAttitudinal",1,6,4,6,4,4,4,4,3,2,5,3,3,3,3,7,4.6,3.8,3,7,2
"154",1,1,1,2,21,0,"            ","2015                                              ","ProAttitudinal",1,2,5,7,1,1,1,2,1,5,1,2,3,2,1,2,1.4,3.8,2,2,2
"155",1,1,1,7,19,1,"            ","2017                                              ","No_Choice     ",1,7,7,5,7,5,7,7,5,3,4,2,2,2,2,7,6,5.4,2,7,0
"156",1,1,1,5,21,0,"            ","Senior                                            ","High_Choice   ",1,4,4,2,3,3,2,4,1,2,4,2,2,2,2,3,3.6,2.2,2,3,1
"157",1,1,1,7,21,0,"            ","Senior                                            ","No_Choice     ",1,4,6,1,2,1,1,2,1,1,1,4,3,3,3,1,2,2,3.25,1,0
"158",1,1,1,6,20,1,"            ","Junior                                            ","ProAttitudinal",1,5,4,2,4,3,4,3,3,4,3,2,2,2,1,5,3.6,3.4,1.75,5,2
"159",1,1,1,7,21,1,"            ","Junior                                            ","No_Choice     ",1,4,4,6,1,3,3,6,1,1,6,6,4,4,4,1,4,3,4.5,1,0
"160",1,1,1,7,21,0,"            ","Senior                                            ","No_Choice     ",1,7,7,3,7,6,1,7,1,2,7,1,1,1,1,1,6.8,2.8,1,1,0
"161",1,1,1,7,20,1,"            ","Junior                                            ","High_Choice   ",1,6,3,3,5,5,6,6,2,5,5,1,1,1,2,2,5.4,3.8,1.25,2,1
"162",1,1,1,6,20,0,"            ","Junior                                            ","High_Choice   ",1,5,3,1,4,7,7,4,1,1,7,2,2,2,2,2,5.4,2.6,2,2,1
"163",1,1,1,7,20,0,"            ","senior                                            ","No_Choice     ",1,4,5,4,4,4,4,5,3,5,5,3,5,5,6,1,4.4,4.2,4.75,1,0
"164",1,1,1,7,19,1,"            ","Sophomore                                         ","ProAttitudinal",1,3,3,4,3,2,3,3,3,5,3,2,2,2,1,7,2.8,3.6,1.75,7,2
"165",1,1,1,5,20,1,"            ","junior                                            ","High_Choice   ",1,3,2,2,2,2,2,2,2,2,2,3,3,5,2,1,2.2,2,3.25,1,1
"166",1,1,1,7,18,0,"            ","sophomore                                         ","High_Choice   ",1,7,7,4,3,4,4,7,1,5,7,3,3,1,1,7,5.6,4.2,2,7,1
"167",1,1,1,7,20,1,"            ","Junior                                            ","ProAttitudinal",1,4,2,5,4,2,4,7,1,5,4,2,1,1,1,7,4.2,3.4,1.25,7,2
"168",1,1,1,7,23,1,"            ","Graduate student                                  ","ProAttitudinal",1,6,3,1,1,3,4,1,1,1,7,1,1,1,1,7,3.6,2,1,7,2
"169",1,1,1,7,20,1,"            ","Junior                                            ","No_Choice     ",1,3,2,4,4,4,4,5,1,7,5,2,2,1,1,1,4.2,3.6,1.5,1,0
"170",1,1,1,6,21,1,"            ","Junior                                            ","ProAttitudinal",1,4,5,5,5,4,5,5,4,2,4,1,1,1,1,3,4.4,4.2,1,3,2
"171",1,1,1,7,20,1,"            ","Junior                                            ","High_Choice   ",1,4,2,2,5,4,4,5,1,7,4,1,1,1,1,1,4.4,3.2,1,1,1
"172",1,1,1,7,19,0,"            ","Sophomore                                         ","No_Choice     ",1,4,6,2,4,2,6,6,2,1,6,3,1,1,1,1,4.4,3.4,1.5,1,0
"173",1,1,1,6,18,1,"            ","Sophomore                                         ","No_Choice     ",1,2,4,5,6,3,5,4,1,1,3,2,2,2,1,4,3.6,3.2,1.75,4,0
"174",1,1,1,6,20,0,"            ","Junior                                            ","ProAttitudinal",1,5,7,2,3,3,4,5,1,2,2,2,2,2,2,4,3.6,3.2,2,4,2
"175",1,1,1,7,19,0,"            ","Sophomore                                         ","ProAttitudinal",1,6,6,5,6,6,6,6,1,4,4,2,2,2,2,7,3,4.4,2,7,2
"176",1,1,1,7,22,1,"            ","Junior                                            ","High_Choice   ",1,7,4,2,6,5,5,5,2,1,5,4,3,2,3,1,5.6,2.8,3,1,1
"177",1,1,1,7,18,0,"            ","Sophomore                                         ","ProAttitudinal",1,6,6,6,6,6,6,6,2,6,6,2,2,5,4,6,6,5.2,3.25,6,2
"178",1,1,1,7,20,0,"            ","Junior                                            ","No_Choice     ",1,6,6,2,5,4,4,5,2,2,3,3,2,4,4,2,4.6,3.2,3.25,2,0
"179",1,1,1,5,20,0,"            ","Senior                                            ","High_Choice   ",1,7,1,2,7,5,5,5,1,5,7,1,1,1,1,7,6.2,2.8,1,7,1
"180",1,1,1,6,21,0,"            ","senior                                            ","No_Choice     ",1,5,7,7,1,1,2,3,1,5,2,1,1,1,1,1,2.4,4.4,1,1,0
"181",1,1,0,2,18,1,"            ","Junior                                            ","ProAttitudinal",1,2,2,4,2,2,3,2,1,6,5,2,2,2,2,6,2.6,3.2,2,6,2
"182",1,1,1,7,20,0,"            ","Junior                                            ","ProAttitudinal",1,5,4,5,4,4,3,5,1,6,3,1,1,1,1,6,4.2,3.8,1,6,2
"183",1,1,1,5,21,0,"            ","senior                                            ","High_Choice   ",1,5,6,2,5,1,2,2,1,5,1,2,2,1,1,1,2.8,3.2,1.5,1,1
"184",1,1,1,4,22,0,"            ","senior                                            ","ProAttitudinal",1,1,7,7,2,1,7,2,1,7,2,2,2,2,2,7,1.6,5.8,2,7,2
"185",1,1,1,6,21,0,"            ","Senior                                            ","No_Choice     ",1,5,4,6,5,2,2,3,4,4,2,2,2,2,2,1,3.4,4,2,1,0
"186",1,1,1,7,19,0,"            ","Soph                                              ","No_Choice     ",1,4,5,6,5,5,6,5,2,6,4,1,1,4,1,2,4.6,5,1.75,2,0
"187",1,1,1,4,20,0,"            ","Junior                                            ","High_Choice   ",1,6,2,3,6,1,2,5,1,4,2,5,5,4,3,7,4,2.4,4.25,7,1
"188",1,1,1,7,20,0,"            ","Senior                                            ","No_Choice     ",1,3,5,6,2,1,2,2,1,4,1,3,2,2,2,1,1.8,3.6,2.25,1,0
"189",1,1,1,5,20,0,"            ","Junior                                            ","High_Choice   ",1,7,5,1,3,6,4,6,3,5,6,1,1,1,1,3,5.6,3.6,1,3,1
"190",1,1,1,7,19,1,"            ","Sophomore                                         ","No_Choice     ",1,7,3,7,7,7,6,7,1,3,7,5,5,5,5,1,7,4,5,1,0
"191",1,1,1,7,19,0,"            ","Sophomore                                         ","High_Choice   ",1,5,5,4,4,3,5,5,1,6,5,2,2,2,2,5,4.4,4.2,2,5,1
"192",1,1,1,5,19,0,"            ","sophomore                                         ","No_Choice     ",1,7,1,2,7,1,3,7,1,2,1,5,2,2,1,1,4.6,1.8,2.5,1,0
"193",1,1,1,7,20,1,"            ","Junior                                            ","High_Choice   ",1,3,7,7,4,5,5,2,1,7,6,1,1,2,3,7,4,5.4,1.75,7,1
"194",1,1,1,4,21,1,"            ","2015                                              ","High_Choice   ",1,2,2,3,4,1,6,2,1,3,1,1,1,1,1,7,2,3,1,7,1
"195",1,1,1,7,20,0,"            ","2016, Junior                                      ","ProAttitudinal",1,4,7,5,1,1,2,6,1,6,6,2,1,1,1,1,3.6,4.2,1.25,1,2
"196",1,1,1,7,21,1,"            ","Senior                                            ","High_Choice   ",1,6,3,7,5,1,1,2,1,4,5,2,2,3,2,1,3.8,3.2,2.25,1,1
"197",1,1,1,7,20,1,"            ","junior                                            ","No_Choice     ",1,3,1,2,2,2,3,5,1,2,4,3,3,3,3,3,3.2,1.8,3,3,0
"198",1,1,1,5,20,1,"            ","Junior (although I may activate Advanced Standing)","High_Choice   ",1,5,5,2,5,2,5,6,4,1,1,3,2,2,1,3,3.8,3.4,2,3,1
"199",1,1,1,7,19,0,"            ","Sophomore                                         ","ProAttitudinal",1,3,3,3,5,4,4,5,1,5,6,4,2,2,2,7,4.6,3.2,2.5,7,2
"200",1,1,1,4,21,0,"            ","senior                                            ","No_Choice     ",1,1,7,2,5,4,4,5,1,1,3,6,4,3,3,6,3.6,3,4,6,0
"201",1,1,1,5,21,0,"            ","2015                                              ","No_Choice     ",1,7,3,7,7,2,2,7,1,2,7,1,1,1,1,1,6,3,1,1,0
"202",1,1,1,7,20,0,"            ","Senior                                            ","ProAttitudinal",1,5,7,7,5,2,5,4,4,4,2,1,1,1,1,1,3.6,5.4,1,1,2
"203",1,1,1,6,21,0,"            ","Junior                                            ","ProAttitudinal",1,2,2,2,2,2,2,2,2,6,2,3,1,1,1,6,2,2.8,1.5,6,2
"204",1,1,1,5,20,0,"            ","Junior                                            ","High_Choice   ",1,7,5,2,5,4,7,6,1,7,6,2,2,2,2,3,5.6,4.4,2,3,1
"205",1,1,1,6,21,0,"            ","Junior                                            ","No_Choice     ",1,6,6,3,5,5,4,5,2,3,6,4,3,3,2,4,5.4,3.6,3,4,0
"206",1,1,1,6,19,1,"            ","Sophomore                                         ","No_Choice     ",1,5,7,7,5,2,2,3,1,7,5,2,2,2,2,6,4,4.8,2,6,0
"207",1,1,1,6,19,1,"            ","Junior                                            ","ProAttitudinal",1,5,5,2,4,3,3,4,1,2,3,2,2,2,2,1,3.8,2.6,2,1,2
"208",1,1,1,6,19,0,"            ","junior                                            ","ProAttitudinal",1,5,5,7,3,1,1,2,1,3,2,2,2,2,2,2,2.6,3.4,2,2,2
"209",1,1,1,7,24,1,"            ","Senior                                            ","No_Choice     ",1,4,5,5,6,1,7,6,1,2,6,1,1,1,1,3,4.6,4,1,3,0
"210",1,1,1,5,23,0,"            ","Senior                                            ","High_Choice   ",1,5,5,5,4,4,4,5,5,5,4,4,4,4,2,6,4.4,4.8,3.5,6,1
"211",1,1,1,6,22,0,"            ","Senior                                            ","High_Choice   ",1,6,6,4,3,1,5,5,1,6,3,2,1,1,1,6,3.6,4.4,1.25,6,1
"212",1,1,1,7,18,1,"            ","2017                                              ","No_Choice     ",1,7,6,5,6,1,1,7,6,1,5,1,1,1,1,1,5.2,3.8,1,1,0
"213",1,1,1,5,20,1,"            ","Junior                                            ","ProAttitudinal",1,1,4,3,6,2,5,6,2,6,5,5,1,1,1,4,4,4,2,4,2
"214",1,1,1,7,18,1,"            ","sophomore                                         ","No_Choice     ",1,7,7,1,2,3,7,1,1,2,7,4,3,3,1,1,4,3.6,2.75,1,0
"215",1,1,1,5,22,0,"            ","Senior                                            ","High_Choice   ",1,3,2,2,3,5,4,7,1,5,7,3,2,3,3,6,5,2.8,2.75,6,1
"216",1,1,1,7,20,0,"            ","junior                                            ","ProAttitudinal",1,6,7,6,4,3,3,3,4,3,3,5,5,2,2,5,3.8,4.6,3.5,5,2
"217",1,1,1,6,19,0,"            ","Sophomore (class of 2017)                         ","ProAttitudinal",1,5,2,1,1,1,1,1,1,5,1,2,2,2,2,2,1.8,2,2,2,2
"218",1,1,1,7,20,0,"            ","soph                                              ","No_Choice     ",1,4,5,6,5,3,3,3,3,5,3,1,1,1,1,2,3.6,4.4,1,2,0
"219",1,1,1,6,21,1,"            ","senior                                            ","High_Choice   ",1,7,3,3,7,7,1,7,1,1,7,6,6,4,4,2,7,1.8,5,2,1
"220",1,1,1,7,21,1,"            ","Senior                                            ","High_Choice   ",1,4,5,3,4,4,6,5,3,7,6,1,1,1,1,2,4.6,4.8,1,2,1
"221",1,1,1,5,20,0,"            ","Junior                                            ","No_Choice     ",1,7,4,5,6,3,3,5,1,3,4,2,2,5,5,2,5,3.2,3.5,2,0
"222",1,1,1,7,20,0,"            ","sophomore                                         ","No_Choice     ",1,4,4,5,6,4,4,4,4,4,4,1,1,1,1,7,4.4,4.2,1,7,0
"223",1,1,1,4,21,0,"            ","2015                                              ","ProAttitudinal",1,2,6,1,2,1,2,2,1,4,1,2,2,2,2,3,1.6,2.8,2,3,2
"224",1,1,1,7,22,1,"            ","Junior                                            ","High_Choice   ",1,4,3,7,3,2,4,2,1,7,2,2,1,1,1,7,2.6,4.4,1.25,7,1
"225",1,1,1,6,21,0,"            ","Senior                                            ","High_Choice   ",1,4,4,5,5,4,4,4,3,3,4,2,2,6,2,3,4.2,3.8,3,3,1
"226",1,1,1,2,20,0,"            ","Junior                                            ","ProAttitudinal",1,4,7,3,6,2,4,5,1,2,1,1,1,1,1,7,3.6,3.4,1,7,2
"227",1,1,1,6,21,1,"            ","Senior                                            ","High_Choice   ",1,4,4,7,6,4,1,7,1,7,4,1,2,1,1,7,5,4,1.25,7,1
"228",1,1,1,7,19,0,"            ","Sophmore                                          ","No_Choice     ",1,1,7,7,3,4,7,4,1,4,4,7,3,1,1,2,3.2,5.2,3,2,0
"229",1,1,1,7,21,0,"            ","Senior                                            ","ProAttitudinal",1,5,2,4,3,2,4,4,1,4,5,1,1,1,1,6,3.8,3,1,6,2
"230",1,1,1,6,19,0,"            ","Junior                                            ","ProAttitudinal",1,5,3,1,4,1,1,3,1,2,2,2,1,1,1,5,3,1.6,1.25,5,2
"231",1,1,1,6,21,1,"            ","Senior                                            ","No_Choice     ",1,5,5,2,5,4,4,6,1,6,6,1,1,1,1,7,5.2,3.6,1,7,0
"232",1,1,1,6,20,0,"            ","Junior                                            ","ProAttitudinal",1,3,5,4,4,1,1,5,5,4,1,6,5,2,4,4,2.8,3.8,4.25,4,2
"233",1,1,1,7,20,1,"            ","junior                                            ","High_Choice   ",1,4,1,2,4,1,4,4,6,5,1,4,1,1,1,5,2.8,3.6,1.75,5,1
"234",1,1,1,4,20,0,"            ","Junior                                            ","No_Choice     ",1,2,4,6,5,1,1,1,1,2,1,1,1,1,1,7,2,2.8,1,7,0
"235",1,1,1,5,21,1,"            ","2016                                              ","ProAttitudinal",1,4,4,5,5,4,4,4,4,5,4,3,3,3,3,5,4.2,4.4,3,5,2
"236",1,1,1,7,19,0,"            ","sophomore                                         ","No_Choice     ",1,7,7,7,7,5,5,7,1,7,1,1,1,1,1,7,5.4,5.4,1,7,0
"237",1,1,1,5,18,0,"            ","1                                                 ","High_Choice   ",1,3,2,6,3,1,5,4,1,6,2,4,5,5,4,3,2.6,4,4.5,3,1
"238",1,1,1,6,20,1,"            ","Junior                                            ","No_Choice     ",1,7,6,7,6,5,6,6,1,1,2,1,1,2,2,3,5.2,4.2,1.5,3,0
"239",1,1,1,6,20,0,"            ","Junior                                            ","ProAttitudinal",1,5,3,7,4,1,1,1,1,1,2,2,2,2,2,5,2.6,2.6,2,5,2
"240",1,1,1,7,23,0,"            ","Senior                                            ","No_Choice     ",1,2,2,6,3,4,3,4,1,2,6,1,1,1,1,1,3.8,2.8,1,1,0
"241",1,1,1,5,18,1,"            ","Freshman                                          ","High_Choice   ",1,7,5,6,5,4,4,5,5,7,6,6,2,4,5,2,5.4,5.4,4.25,2,1
"242",1,1,1,5,19,1,"            ","sophomore                                         ","ProAttitudinal",1,3,6,6,7,6,4,5,1,5,7,2,2,2,2,7,5.6,4.4,2,7,2
"243",1,1,1,6,20,1,"            ","Sophomore                                         ","High_Choice   ",1,5,5,6,6,5,4,4,3,6,5,2,2,3,2,1,5,4.8,2.25,1,1
"244",1,1,1,5,18,1,"            ","Freshman                                          ","High_Choice   ",1,4,3,4,2,2,2,4,5,6,1,2,2,5,5,5,2.6,4,3.5,5,1
"245",1,1,1,6,20,1,"            ","Junior                                            ","No_Choice     ",1,5,2,7,5,2,2,6,1,7,3,5,2,2,2,2,4.2,3.8,2.75,2,0
"246",1,1,1,3,21,1,"            ","Senior                                            ","ProAttitudinal",1,2,2,2,2,2,2,2,2,2,2,2,3,4,3,4,2,2,3,4,2
"247",1,1,1,6,21,1,"            ","Senior                                            ","ProAttitudinal",1,5,4,6,3,1,1,2,1,3,2,3,1,1,1,7,2.6,3,1.5,7,2
"248",1,1,1,7,18,0,"            ","2018                                              ","High_Choice   ",1,4,5,4,4,4,4,4,4,4,4,5,5,5,5,2,4,4.2,5,2,1
"249",1,1,1,5,21,1,"            ","Senior                                            ","No_Choice     ",1,2,5,4,4,4,3,6,5,6,5,3,4,5,4,2,4.2,4.6,4,2,0
"250",1,1,1,6,21,1,"            ","Junior                                            ","High_Choice   ",1,2,3,5,5,3,4,5,2,4,3,2,2,2,2,5,3.6,3.6,2,5,1
"251",1,1,1,7,21,0,"            ","Senior                                            ","ProAttitudinal",1,7,7,4,4,4,4,6,2,1,6,2,2,2,2,7,5.4,3.6,2,7,2
"252",1,1,1,5,19,1,"            ","Junior                                            ","ProAttitudinal",1,5,2,5,5,2,5,5,3,5,4,3,2,2,2,7,4.2,4,2.25,7,2
"253",1,1,0,5,20,1,"            ","Junior                                            ","High_Choice   ",1,5,4,1,2,2,4,4,3,1,2,4,4,4,4,7,3,2.6,4,7,1
"254",1,1,1,6,21,0,"            ","Junior                                            ","High_Choice   ",1,3,1,5,2,1,1,1,1,6,1,5,5,5,5,7,1.6,2.8,5,7,1
"255",1,1,1,7,20,1,"            ","Junior                                            ","No_Choice     ",1,3,5,2,5,1,4,7,1,2,3,1,1,1,1,6,3.8,2.8,1,6,0
"256",1,1,1,5,19,1,"            ","2016                                              ","No_Choice     ",1,2,2,7,3,1,1,1,1,7,1,3,3,5,5,2,1.6,3.6,4,2,0
"257",1,1,1,6,20,0,"            ","Sophomore                                         ","No_Choice     ",1,7,4,3,7,6,5,5,1,3,6,3,3,3,3,6,6.2,3.2,3,6,0
"258",1,1,1,7,19,0,"            ","sophomore                                         ","ProAttitudinal",1,4,4,4,4,4,3,3,2,1,1,1,1,1,1,7,3.2,2.8,1,7,2
"259",1,1,1,6,19,1,"            ","Sophomore                                         ","High_Choice   ",1,2,3,6,2,1,3,1,2,4,2,1,1,5,5,2,1.6,3.6,3,2,1
"260",1,1,1,6,20,1,"            ","Junior, 2016                                      ","High_Choice   ",1,6,4,4,5,5,4,5,5,4,5,5,5,5,5,5,5.2,4.2,5,5,1
"261",1,1,1,5,19,1,"            ","Sophomore                                         ","High_Choice   ",1,5,2,6,4,2,5,5,5,6,5,1,1,1,1,6,4.2,4.8,1,6,1
"262",1,1,1,5,20,0,"            ","Junior                                            ","No_Choice     ",1,4,7,7,4,4,3,4,1,7,2,7,5,5,5,1,3.6,5,5.5,1,0
"263",1,1,1,7,20,1,"            ","Junior                                            ","ProAttitudinal",1,4,2,1,5,3,6,2,2,4,3,2,1,1,1,4,3.4,3,1.25,4,2
"264",1,1,1,6,21,1,"            ","Senior (2015)                                     ","ProAttitudinal",1,3,5,6,3,3,5,4,2,6,3,2,1,1,1,7,3.2,4.8,1.25,7,2
"265",1,1,1,5,20,1,"            ","Junior                                            ","No_Choice     ",1,7,6,7,7,7,4,7,1,6,7,4,4,4,4,1,7,4.8,4,1,0
"266",1,1,1,7,20,1,"            ","Junior                                            ","High_Choice   ",1,7,4,7,4,4,4,7,4,4,4,1,1,1,1,1,5.2,4.6,1,1,1
"267",1,1,1,7,25,1,"            ","Senior                                            ","No_Choice     ",1,5,7,1,7,5,1,7,1,4,5,2,2,2,2,1,5.8,2.8,2,1,0
"268",1,1,1,7,20,1,"            ","Junior (3)                                        ","High_Choice   ",1,7,3,1,1,7,1,7,7,7,1,1,1,1,1,7,4.6,3.8,1,7,1
"269",1,1,1,7,20,0,"            ","Sophomore                                         ","ProAttitudinal",1,3,1,2,3,5,5,4,1,1,3,1,1,1,1,6,3.6,2,1,6,2
"270",1,1,1,7,20,0,"            ","Junior                                            ","High_Choice   ",1,1,7,7,2,3,2,2,1,7,5,5,3,1,1,1,2.6,4.8,2.5,1,1
"271",1,1,1,5,21,0,"            ","Senior                                            ","ProAttitudinal",1,1,1,4,2,1,1,1,1,1,1,2,2,2,2,1,1.2,1.6,2,1,2
"272",1,1,1,7,20,1,"            ","Junior                                            ","ProAttitudinal",1,5,6,5,6,3,5,5,5,6,5,1,1,1,1,7,4.8,5.4,1,7,2
"273",1,1,1,7,21,0,"            ","Senior                                            ","No_Choice     ",1,5,5,7,7,3,3,4,4,7,4,1,1,4,3,1,4.6,5.2,2.25,1,0
"274",1,1,1,5,19,0,"            ","3                                                 ","High_Choice   ",1,4,3,2,3,3,1,6,1,2,3,5,2,1,1,4,3.8,1.8,2.25,4,1
"275",1,1,1,5,20,0,"            ","Junior                                            ","No_Choice     ",1,6,5,5,5,4,5,5,4,4,5,5,4,4,3,3,5,4.6,4,3,0
"276",1,1,0,1,19,1,"            ","Sophomore                                         ","No_Choice     ",1,6,2,2,6,4,5,6,1,1,6,1,1,1,1,3,5.6,2.2,1,3,0
"277",1,1,1,4,19,0,"            ","Sophomore                                         ","ProAttitudinal",1,5,3,4,4,1,2,5,2,4,6,2,2,3,4,6,4.2,3,2.75,6,2
"278",1,1,1,5,19,1,"            ","Sophomore                                         ","ProAttitudinal",1,6,4,4,6,5,4,6,6,6,5,3,1,3,3,7,5.6,4.8,2.5,7,2
"279",1,1,1,4,17,0,"            ","Freshman                                          ","High_Choice   ",1,6,7,4,6,4,7,7,4,6,6,4,4,4,4,1,5.8,5.6,4,1,1
"280",1,1,1,7,21,1,"            ","Senior                                            ","No_Choice     ",1,5,1,3,5,3,6,5,1,3,3,1,1,1,1,7,4.2,2.8,1,7,0
"281",1,1,1,5,18,1,"            ","2018                                              ","No_Choice     ",1,6,4,7,5,4,4,5,6,6,4,5,5,4,4,2,4.8,5.4,4.5,2,0
"282",1,1,1,7,20,0,"            ","senior                                            ","ProAttitudinal",1,4,4,7,4,4,4,4,4,4,4,1,1,1,1,1,4,4.6,1,1,2
"283",1,1,1,7,20,0,"            ","Senior                                            ","ProAttitudinal",1,3,3,1,5,1,1,1,1,1,1,2,1,1,1,7,2.2,1.4,1.25,7,2
"284",1,1,1,6,19,0,"            ","sophomore                                         ","No_Choice     ",1,7,6,3,4,2,4,5,1,6,2,2,1,2,1,1,4,4,1.5,1,0
"285",1,1,1,5,18,0,"            ","Freshman (1st)                                    ","High_Choice   ",1,5,7,4,5,3,3,3,1,7,3,2,1,1,1,1,3.8,4.4,1.25,1,1
"286",1,1,1,7,18,1,"            ","Freshman                                          ","No_Choice     ",1,7,2,4,6,1,2,2,2,5,1,4,4,4,4,1,3.4,3,4,1,0
"287",1,1,1,7,18,0,"            ","Freshman                                          ","High_Choice   ",1,6,4,3,5,1,3,2,1,6,3,1,1,1,1,1,3.4,3.4,1,1,1
"288",1,1,1,7,18,1,"            ","2018                                              ","High_Choice   ",1,2,1,5,2,2,6,2,1,6,2,2,2,2,2,1,2,3.8,2,1,1
"289",1,1,1,6,18,1,"            ","Freshman                                          ","ProAttitudinal",1,6,5,6,6,5,5,6,3,7,6,2,2,2,2,7,5.8,5.2,2,7,2
"290",1,1,1,6,21,1,"            ","Senior                                            ","No_Choice     ",1,7,2,5,3,1,1,5,2,2,6,2,2,2,2,2,4.4,2.4,2,2,0
"291",1,1,1,7,29,0,"            ","Senior                                            ","No_Choice     ",1,7,2,7,7,7,2,7,1,7,7,1,1,4,1,1,7,3.8,1.75,1,0
"292",1,1,1,7,22,1,"            ","senior                                            ","High_Choice   ",1,3,7,7,7,4,3,3,1,7,5,1,1,1,1,7,4.4,5,1,7,1
"293",1,1,1,7,18,0,"            ","Freshman                                          ","High_Choice   ",1,7,7,6,7,7,6,7,4,1,5,1,1,1,1,7,6.6,4.8,1,7,1
"294",1,1,1,7,20,0,"            ","Senior                                            ","ProAttitudinal",1,5,4,4,5,3,3,4,2,1,2,2,2,2,1,5,3.8,2.8,1.75,5,2
"295",1,1,1,7,19,0,"            ","Sophomore Undergraduate                           ","ProAttitudinal",1,5,4,5,6,1,1,2,1,2,1,2,1,3,3,5,3,2.6,2.25,5,2
"296",1,1,1,5,21,0,"            ","Junior                                            ","No_Choice     ",1,4,5,5,4,5,3,6,2,2,6,2,2,2,2,2,5,3.4,2,2,0
"297",1,1,1,5,19,0,"            ","Sophomore                                         ","High_Choice   ",1,7,6,7,7,3,6,7,1,2,4,1,1,3,3,7,5.6,4.4,2,7,1
"298",1,1,1,6,21,0,"            ","Senior                                            ","No_Choice     ",1,5,5,5,5,5,5,6,5,5,5,4,4,4,2,2,5.2,5,3.5,2,0
"299",1,1,1,6,19,0,"            ","Sophomore                                         ","High_Choice   ",1,7,2,5,7,7,1,7,1,2,7,2,2,2,2,7,7,2.2,2,7,1
"300",1,1,1,6,22,1,"            ","Senior                                            ","High_Choice   ",1,3,5,4,3,5,4,5,5,4,5,2,2,2,2,1,4.2,4.4,2,1,1
"301",1,1,1,7,19,1,"            ","Sophomore                                         ","No_Choice     ",1,2,6,4,5,5,3,5,1,6,7,3,3,3,3,2,4.8,4,3,2,0
"302",1,1,0,2,21,0,"            ","senior                                            ","ProAttitudinal",1,5,5,3,4,3,5,5,1,6,5,2,2,2,2,5,4.4,4,2,5,2
"303",1,1,1,7,20,0,"            ","Junior                                            ","ProAttitudinal",1,5,4,7,4,3,2,3,1,1,6,2,2,1,1,4,4.2,3,1.5,4,2
"304",1,1,1,4,21,0,"            ","senior                                            ","No_Choice     ",1,5,5,5,5,1,1,5,1,1,3,3,3,3,3,3,3.8,2.6,3,3,0
"305",1,1,1,6,21,1,"            ","Senior                                            ","ProAttitudinal",1,5,4,6,4,3,5,6,1,5,2,1,1,1,1,6,4,4.2,1,6,2
"306",1,1,1,6,19,0,"            ","2017                                              ","No_Choice     ",1,6,6,6,4,4,4,4,4,6,4,1,1,1,1,1,4.4,5.2,1,1,0
"307",1,1,1,7,19,0,"            ","Sophomore                                         ","No_Choice     ",1,6,7,6,5,2,4,5,1,7,3,1,1,1,1,5,4.2,5,1,5,0
"308",1,1,1,5,20,0,"            ","2016, Junior                                      ","ProAttitudinal",1,3,5,1,2,1,3,3,3,5,1,2,1,1,1,7,2,3.4,1.25,7,2
"309",1,1,1,7,17,1,"            ","Freshman                                          ","No_Choice     ",1,6,3,3,6,4,5,6,2,1,4,2,2,2,2,3,5.2,2.8,2,3,0
"310",1,1,1,5,19,1,"            ","Sophomore                                         ","High_Choice   ",1,5,2,3,5,1,5,6,2,3,3,2,2,2,2,2,4,3,2,2,1
"311",1,1,1,6,20,1,"            ","Junior                                            ","ProAttitudinal",1,2,2,5,2,2,3,2,4,5,2,2,2,2,2,6,2,3.8,2,6,2
"312",1,1,1,7,21,1,"            ","4                                                 ","ProAttitudinal",1,3,2,6,5,4,5,5,1,6,5,5,4,4,5,4,4.4,4,4.5,4,2
"313",1,1,1,4,21,0,"            ","Senior                                            ","No_Choice     ",1,4,6,4,6,6,6,6,5,7,6,3,3,3,3,5,5.6,5.6,3,5,0
"314",1,1,1,5,20,3,"genderqueer ","junior                                            ","No_Choice     ",1,3,4,7,5,2,3,2,2,7,1,2,2,2,3,3,2.6,4.6,2.25,3,0
"315",1,1,1,2,21,0,"            ","2015 Senior                                       ","ProAttitudinal",1,1,3,4,3,1,1,5,2,6,1,3,3,3,3,1,2.2,3.2,3,1,2
"316",1,1,1,4,18,1,"            ","Sophomore                                         ","High_Choice   ",1,5,5,2,5,5,2,5,2,1,5,2,2,2,2,3,5,2.4,2,3,1
"317",1,1,1,7,19,0,"            ","2nd year                                          ","High_Choice   ",1,7,7,1,1,1,1,1,1,1,1,1,1,1,1,7,2.2,2.2,1,7,1
"318",1,1,1,7,21,0,"            ","Senior                                            ","ProAttitudinal",1,7,7,6,7,7,4,7,1,7,7,1,1,2,2,6,7,5,1.5,6,2
"319",1,1,1,6,20,0,"            ","Junior                                            ","No_Choice     ",1,1,5,7,1,1,3,5,1,6,1,3,2,2,3,1,1.8,4.4,2.5,1,0
"320",1,1,1,4,20,0,"            ","Sophomore                                         ","ProAttitudinal",1,6,7,2,6,4,4,5,1,1,4,5,2,4,2,3,5,3,3.25,3,2
"321",1,1,1,6,19,0,"            ","Sophomore                                         ","High_Choice   ",1,5,5,2,5,3,3,4,5,2,4,2,2,3,3,1,4.2,3.4,2.5,1,1
"322",1,1,1,6,19,0,"            ","Sophomore                                         ","No_Choice     ",1,3,5,6,3,2,4,2,2,4,2,1,1,1,1,1,2.4,4.2,1,1,0
"323",1,1,1,6,20,0,"            ","Junior                                            ","High_Choice   ",1,6,5,7,4,4,5,5,3,5,3,5,4,4,4,2,4.4,5,4.25,2,1
"324",1,1,1,6,19,0,"            ","sophomore                                         ","No_Choice     ",1,7,7,7,7,1,7,7,7,7,1,1,1,1,1,4,4.6,7,1,4,0
"325",1,1,1,5,19,1,"            ","Junior                                            ","ProAttitudinal",1,6,3,3,4,4,6,6,2,2,3,2,3,3,3,7,4.6,3.2,2.75,7,2
"326",1,1,1,7,20,0,"            ","2016                                              ","High_Choice   ",1,4,4,1,5,4,4,3,1,1,3,6,3,3,3,1,3.8,2.2,3.75,1,1
"327",1,1,1,5,20,0,"            ","Junior                                            ","ProAttitudinal",1,3,4,2,1,1,1,1,1,1,1,2,1,1,1,3,1.4,1.8,1.25,3,2
"328",1,1,0,5,20,1,"            ","Junior                                            ","No_Choice     ",1,5,3,2,1,1,1,3,1,1,4,3,2,4,4,1,2.8,1.6,3.25,1,0
"329",1,1,1,6,20,0,"            ","Sophomore                                         ","No_Choice     ",1,7,2,1,5,4,3,5,1,5,5,1,2,2,2,2,5.2,2.4,1.75,2,0
"330",1,1,1,5,22,1,"            ","Senior                                            ","ProAttitudinal",1,2,4,2,2,1,6,4,1,2,3,2,3,2,2,5,2.4,3,2.25,5,2
"331",1,1,1,7,20,0,"            ","Senior                                            ","High_Choice   ",1,2,2,7,6,2,2,6,2,6,2,2,2,2,2,1,3.6,3.8,2,1,1
"332",1,1,1,7,21,0,"            ","Senior                                            ","ProAttitudinal",1,7,7,3,7,7,7,7,1,1,5,2,2,2,2,7,6.6,3.8,2,7,2
"333",1,1,1,6,24,0,"            ","2011                                              ","No_Choice     ",1,6,7,6,5,6,6,5,5,7,6,6,5,7,6,7,5.6,6.2,6,7,0
"334",1,1,1,7,20,0,"            ","3rd                                               ","No_Choice     ",1,4,7,4,7,4,4,6,1,1,6,1,1,1,1,1,5.4,3.4,1,1,0
"335",1,1,1,5,20,0,"            ","junior                                            ","High_Choice   ",1,2,5,6,2,1,6,2,3,3,6,3,5,6,4,1,2.6,4.6,4.5,1,1
"336",1,1,0,4,21,0,"            ","2015                                              ","ProAttitudinal",1,5,5,1,4,4,2,2,1,1,4,2,2,2,2,2,3.8,2,2,2,2
"337",1,1,1,7,20,0,"            ","Sophomore (Year 2)                                ","No_Choice     ",1,2,4,4,3,1,1,2,1,1,4,2,1,1,1,4,2.4,2.2,1.25,4,0
"338",1,1,1,6,19,1,"            ","Sophomore                                         ","High_Choice   ",1,4,4,6,4,4,4,4,4,6,4,4,5,5,5,5,4,4.8,4.75,5,1
"339",1,1,1,6,23,1,"            ","2                                                 ","No_Choice     ",1,1,7,6,5,4,5,3,7,7,6,6,7,7,6,7,3.8,6.4,6.5,7,0
"340",1,1,1,7,27,1,"            ","5                                                 ","ProAttitudinal",1,1,4,6,1,1,6,1,5,5,1,1,1,1,1,6,1,5.2,1,6,2
"341",1,1,1,7,19,0,"            ","Junior                                            ","ProAttitudinal",1,4,6,1,5,3,6,6,2,4,2,2,2,2,2,7,4,3.8,2,7,2
"342",1,1,1,6,27,0,"            ","4                                                 ","ProAttitudinal",1,4,5,4,4,4,5,4,5,6,3,2,1,1,1,3,3.8,5,1.25,3,2
"343",1,1,1,4,19,0,"            ","2017                                              ","High_Choice   ",1,2,2,4,1,1,1,1,1,4,5,2,2,2,2,6,2,2.4,2,6,1
"344",1,1,1,6,19,0,"            ","sophomore                                         ","No_Choice     ",1,1,5,4,4,3,4,7,1,5,6,1,2,2,2,1,4.2,3.8,1.75,1,0
"345",1,1,1,7,20,0,"            ","2017                                              ","High_Choice   ",1,7,5,6,1,1,3,1,1,7,1,5,5,6,5,6,2.2,4.4,5.25,6,1
"346",1,1,1,6,19,1,"            ","Sophomore (2017)                                  ","No_Choice     ",1,1,4,3,5,5,6,7,2,7,5,3,2,1,1,4,4.6,4.4,1.75,4,0
"347",1,1,1,6,21,0,"            ","senior                                            ","High_Choice   ",1,6,6,1,5,1,1,5,2,1,2,2,2,2,2,4,3.8,2.2,2,4,1
"348",1,1,1,7,20,0,"            ","sophomore                                         ","ProAttitudinal",1,2,5,5,4,4,4,4,4,1,4,1,1,1,1,7,3.6,3.8,1,7,2
"349",1,1,1,6,19,1,"            ","Sophomore                                         ","No_Choice     ",1,2,5,2,3,2,1,1,2,6,2,6,5,5,4,2,2,3.2,5,2,0
"350",1,1,1,5,20,1,"            ","2016                                              ","ProAttitudinal",1,3,2,6,3,1,2,1,2,7,1,3,2,2,2,7,1.8,3.8,2.25,7,2
"351",1,1,1,7,19,0,"            ","Sophomore                                         ","ProAttitudinal",1,2,2,1,6,4,4,6,4,2,5,2,2,2,2,7,4.6,2.6,2,7,2
"352",1,1,1,6,20,0,"            ","Junior                                            ","No_Choice     ",1,6,6,2,5,1,5,2,5,6,5,1,1,1,1,5,3.8,4.8,1,5,0
"353",1,1,1,6,20,1,"            ","Junior                                            ","High_Choice   ",1,4,4,7,7,1,4,4,2,7,2,1,1,1,1,1,3.6,4.8,1,1,1
"354",1,1,1,7,21,0,"            ","2016 (junior)                                     ","No_Choice     ",1,6,7,7,7,6,5,7,1,5,6,5,3,3,3,4,6.4,5,3.5,4,0
"355",1,1,1,3,19,1,"            ","sophomore                                         ","ProAttitudinal",1,2,6,3,2,2,5,2,2,2,2,2,2,3,1,1,2,3.6,2,1,2
"356",1,1,1,5,20,0,"            ","Sophomore                                         ","High_Choice   ",1,4,5,3,4,3,6,6,3,4,4,4,4,4,4,5,4.2,4.2,4,5,1
"357",1,1,1,6,20,1,"            ","Junior                                            ","No_Choice     ",1,7,4,2,6,4,3,6,1,6,6,4,3,2,2,1,5.8,3.2,2.75,1,0
"358",1,1,1,7,23,0,"            ","2015                                              ","No_Choice     ",1,3,1,6,4,1,1,4,2,1,3,1,2,2,3,5,3,2.2,2,5,0
"359",1,1,1,7,20,1,"            ","Sophomore                                         ","ProAttitudinal",1,3,4,2,4,3,2,2,2,1,2,4,4,2,2,6,2.8,2.2,3,6,2
"360",1,1,1,6,19,0,"            ","2016                                              ","No_Choice     ",1,6,6,4,4,3,3,3,3,4,3,1,1,1,1,1,3.8,4,1,1,0
"361",1,1,1,7,21,0,"            ","Senior                                            ","High_Choice   ",1,3,5,1,5,4,3,5,2,7,6,3,3,3,3,7,4.6,3.6,3,7,1
"362",1,1,1,7,21,0,"            ","Senior                                            ","ProAttitudinal",1,3,7,1,7,2,6,6,1,1,4,1,1,1,1,7,4.4,3.2,1,7,2
"363",1,1,1,4,18,1,"            ","Soph                                              ","No_Choice     ",1,1,1,1,1,1,1,1,1,1,1,4,4,4,4,1,1,1,4,1,0
"364",1,1,1,4,20,0,"            ","Junior                                            ","No_Choice     ",1,7,7,3,7,6,6,7,2,2,6,4,3,3,3,2,6.6,4,3.25,2,0
"365",1,1,1,6,19,0,"            ","sophomore                                         ","ProAttitudinal",1,2,5,2,1,1,1,1,1,2,1,1,1,1,1,3,1.2,2.2,1,3,2
"366",1,1,1,5,21,1,"            ","2015                                              ","High_Choice   ",1,5,6,2,2,6,4,4,4,7,6,2,2,2,2,1,4.6,4.6,2,1,1
"367",1,1,1,7,22,0,"            ","Senior (2015)                                     ","ProAttitudinal",1,6,4,7,7,3,3,6,1,7,5,1,1,1,1,7,5.4,4.4,1,7,2
"368",1,1,1,1,20,0,"            ","junior                                            ","High_Choice   ",1,3,3,1,1,2,2,3,1,1,2,5,4,5,5,5,2.2,1.6,4.75,5,1
"369",1,1,1,7,21,1,"            ","2015                                              ","No_Choice     ",1,7,5,6,6,6,7,5,1,4,7,1,1,1,1,7,6.2,4.6,1,7,0
"370",1,1,1,5,20,0,"            ","2016                                              ","ProAttitudinal",1,1,5,4,4,2,3,3,1,4,4,5,3,3,3,5,2.8,3.4,3.5,5,2
"371",1,1,1,7,21,1,"            ","Senior                                            ","High_Choice   ",1,6,2,7,5,1,1,5,1,1,4,1,1,1,1,1,4.2,2.4,1,1,1
"372",1,1,1,4,21,1,"            ","Senior                                            ","ProAttitudinal",1,1,6,1,5,5,6,1,1,1,5,3,1,1,1,3,3.4,3,1.5,3,2
"373",1,1,1,5,21,0,"            ","2015                                              ","No_Choice     ",1,4,5,3,3,4,4,3,3,6,3,5,5,6,5,2,3.4,4.2,5.25,2,0
"374",1,1,1,7,20,0,"            ","Junior                                            ","ProAttitudinal",1,7,7,6,7,7,7,5,1,6,7,1,1,1,1,5,6.6,5.4,1,5,2
"375",1,1,1,7,20,0,"            ","2017                                              ","No_Choice     ",1,6,4,2,6,2,6,3,2,7,3,5,3,2,2,2,4,4.2,3,2,0
"376",1,1,1,7,19,0,"            ","JUNIOR                                            ","High_Choice   ",1,7,5,5,3,2,2,7,1,1,6,3,3,5,2,2,5,2.8,3.25,2,1
"377",1,1,1,7,19,0,"            ","Sophomore                                         ","High_Choice   ",1,7,6,7,7,5,5,7,4,7,4,3,2,2,2,7,6,5.8,2.25,7,1
"378",1,1,1,7,21,1,"            ","senior                                            ","ProAttitudinal",1,3,5,1,4,5,2,1,1,2,4,1,1,1,1,7,3.4,2.2,1,7,2
"379",1,1,1,4,20,0,"            ","senior                                            ","No_Choice     ",1,3,3,2,3,4,3,3,1,5,3,4,4,4,4,5,3.2,2.8,4,5,0
"380",1,1,1,7,22,1,"            ","senior                                            ","High_Choice   ",1,7,1,1,7,7,7,7,1,1,7,2,2,2,2,4,7,2.2,2,4,1
"381",1,1,1,6,20,1,"            ","2015                                              ","No_Choice     ",1,7,6,6,1,3,5,5,6,7,6,4,4,4,4,1,4.4,6,4,1,0
"382",1,1,1,3,18,0,"            ","2017                                              ","No_Choice     ",1,5,4,3,2,1,1,1,2,3,3,2,1,2,1,1,2.4,2.6,1.5,1,0
"383",1,1,1,6,20,1,"            ","Senior                                            ","ProAttitudinal",1,3,4,5,3,2,3,3,1,5,1,2,2,2,2,7,2.4,3.6,2,7,2
"384",1,1,1,7,20,0,"            ","Senior                                            ","No_Choice     ",1,4,7,7,7,7,7,7,7,7,7,7,7,7,7,5,6.4,7,7,5,0
"385",1,1,1,6,19,0,"            ","Sophomore                                         ","High_Choice   ",1,5,6,1,5,2,2,4,1,1,3,5,4,3,3,3,3.8,2.2,3.75,3,1
"386",1,1,1,7,19,0,"            ","2017                                              ","High_Choice   ",1,5,5,5,5,4,3,3,3,7,5,2,2,2,2,7,4.4,4.6,2,7,1
"387",1,1,1,7,20,1,"            ","Junior                                            ","High_Choice   ",1,2,4,3,3,3,3,3,2,5,2,1,1,1,1,7,2.6,3.4,1,7,1
"388",1,1,0,6,25,0,"            ","3                                                 ","No_Choice     ",1,3,5,4,6,5,2,4,3,5,4,5,6,6,7,6,4.4,3.8,6,6,0
"389",1,1,1,7,24,0,"            ","Dental Medicine                                   ","No_Choice     ",1,7,7,7,7,7,7,7,7,7,7,6,6,6,6,7,7,7,6,7,0
"390",1,1,1,7,24,1,"            ","3                                                 ","ProAttitudinal",1,4,6,5,4,6,5,7,6,5,6,5,6,6,7,5,5.4,5.4,6,5,2
"391",1,1,1,5,22,1,"            ","Senior                                            ","High_Choice   ",1,6,4,4,4,4,5,6,3,4,4,3,2,2,2,1,4.8,4,2.25,1,1
"392",1,1,1,4,19,0,"            ","junior                                            ","No_Choice     ",1,3,3,4,3,3,3,3,4,4,3,5,5,5,5,1,3,3.6,5,1,0
"393",1,1,1,7,19,3,"N/A         ","2016                                              ","No_Choice     ",1,5,6,6,6,5,7,5,2,1,7,1,1,2,2,2,5.6,4.4,1.5,2,0
"394",1,1,1,6,21,1,"            ","2015                                              ","High_Choice   ",1,6,6,4,4,5,5,5,3,1,6,3,2,2,2,2,5.2,3.8,2.25,2,1
"395",1,1,1,7,20,0,"            ","Junior                                            ","No_Choice     ",1,4,4,1,1,1,4,4,1,1,1,2,2,2,2,1,2.2,2.2,2,1,0
"396",1,1,1,5,21,0,"            ","Senior                                            ","ProAttitudinal",1,5,4,2,5,1,2,3,1,1,1,2,1,1,1,5,3,2,1.25,5,2
"397",1,1,1,7,20,0,"            ","2016                                              ","ProAttitudinal",1,6,4,5,3,2,1,1,1,4,1,2,2,2,2,7,2.6,3,2,7,2
"398",1,1,1,6,21,0,"            ","senior                                            ","High_Choice   ",1,6,4,7,3,2,6,6,2,5,4,2,2,2,2,6,4.2,4.8,2,6,1
"399",1,1,1,6,20,1,"            ","Junior                                            ","ProAttitudinal",1,5,3,4,5,4,4,5,4,5,4,2,2,2,2,6,4.6,4,2,6,2
"400",1,1,1,5,20,1,"            ","Junior                                            ","No_Choice     ",1,2,2,2,2,2,2,2,2,2,2,3,3,3,3,4,2,2,3,4,0
"401",1,1,1,7,21,1,"            ","Sophomore                                         ","High_Choice   ",1,7,5,6,5,5,5,6,1,2,3,1,1,1,1,1,5.2,3.8,1,1,1
"402",1,1,1,3,19,1,"            ","Sophomore                                         ","No_Choice     ",1,6,7,3,4,4,5,6,1,4,3,4,2,2,2,4,4.6,4,2.5,4,0
"403",1,1,1,6,17,0,"            ","Freshman                                          ","High_Choice   ",1,5,6,7,6,4,6,6,5,6,6,4,4,4,4,5,5.4,6,4,5,1
"404",1,1,1,6,19,1,"            ","Sophomore                                         ","High_Choice   ",1,7,6,3,6,5,2,3,2,2,7,2,5,5,4,2,5.6,3,4,2,1
"405",1,1,1,6,21,0,"            ","Senior, 2015                                      ","ProAttitudinal",1,6,4,7,7,3,2,5,5,6,5,1,1,1,1,7,5.2,4.8,1,7,2
"406",1,1,1,6,21,0,"            ","Senior                                            ","No_Choice     ",1,4,6,7,7,4,3,5,1,7,4,1,1,1,1,5,4.8,4.8,1,5,0
"407",1,1,1,5,19,0,"            ","sophomore                                         ","ProAttitudinal",1,3,6,5,5,2,2,2,1,5,3,2,3,1,1,7,3,3.8,1.75,7,2
"408",1,1,1,4,19,0,"            ","Sophomore                                         ","High_Choice   ",1,1,2,4,1,1,1,1,1,1,1,1,1,2,1,4,1,1.8,1.25,4,1
"409",1,1,1,7,19,1,"            ","Sophomore                                         ","No_Choice     ",1,5,2,7,3,2,5,5,1,7,1,1,1,1,1,3,3.2,4.4,1,3,0
"410",1,1,1,7,18,1,"            ","Freshman                                          ","High_Choice   ",1,1,1,1,1,1,1,1,1,3,1,2,2,2,1,1,1,1.4,1.75,1,1
"411",1,1,1,7,21,0,"            ","Senior                                            ","No_Choice     ",1,7,7,1,4,5,5,6,4,2,7,2,2,2,2,1,5.8,3.8,2,1,0
"412",1,1,1,7,21,1,"            ","Senior                                            ","ProAttitudinal",1,4,4,4,4,4,4,4,4,4,4,1,1,1,1,7,4,4,1,7,2
"413",1,1,1,6,19,0,"            ","2017                                              ","No_Choice     ",1,7,5,7,6,1,5,6,1,5,5,2,1,2,2,2,5,4.6,1.75,2,0
"414",1,1,1,7,22,0,"            ","2015                                              ","ProAttitudinal",1,5,5,6,5,3,2,2,1,6,5,1,1,1,1,7,4,4,1,7,2
"415",1,1,1,7,22,0,"            ","4th                                               ","High_Choice   ",1,4,4,3,6,5,7,7,1,1,7,2,2,1,1,6,5.8,3.2,1.5,6,1
"416",1,1,1,6,18,0,"            ","freshman                                          ","ProAttitudinal",1,1,5,1,4,6,4,5,5,1,5,2,2,1,1,1,4.2,3.2,1.5,1,2
"417",1,1,1,6,21,1,"            ","Senior                                            ","No_Choice     ",1,4,4,4,4,2,5,4,1,1,5,5,3,3,3,1,3.8,3,3.5,1,0
"418",1,1,1,6,21,0,"            ","Senior                                            ","High_Choice   ",1,5,5,6,5,3,6,5,3,5,4,5,4,4,3,3,4.4,5,4,3,1
"419",1,1,1,3,20,0,"            ","Senior                                            ","No_Choice     ",1,7,7,7,7,7,7,7,1,7,7,3,3,3,3,4,7,5.8,3,4,0
"420",1,1,1,7,21,1,"            ","Senior (2015)                                     ","ProAttitudinal",1,6,6,2,4,4,6,6,1,7,5,1,1,1,1,7,5,4.4,1,7,2
"421",1,1,1,7,22,1,"            ","Senior                                            ","No_Choice     ",1,4,4,4,4,4,4,4,4,4,4,4,4,4,4,2,4,4,4,2,0
"422",1,1,1,7,22,1,"            ","Senior                                            ","High_Choice   ",1,4,4,6,6,4,5,3,1,1,3,1,1,1,1,4,4,3.4,1,4,1
"423",1,1,1,7,20,1,"            ","Junior                                            ","No_Choice     ",1,1,3,2,1,2,2,2,1,3,1,1,1,1,1,7,1.4,2.2,1,7,0
"424",1,1,1,7,21,1,"            ","Senior                                            ","ProAttitudinal",1,1,1,7,6,2,2,6,1,5,2,1,1,1,1,7,3.4,3.2,1,7,2
"425",1,1,1,7,21,1,"            ","Senior                                            ","High_Choice   ",1,3,2,1,3,1,4,1,1,1,1,5,1,1,1,3,1.8,1.8,2,3,1
"426",1,1,1,6,21,1,"            ","Senior                                            ","ProAttitudinal",1,6,5,5,5,3,3,5,2,3,5,1,2,2,2,5,4.8,3.6,1.75,5,2
"427",1,1,1,7,19,0,"            ","Sophomore                                         ","High_Choice   ",NA,NA,NA,NA,NA,NA,NA,NA,NA,NA,NA,NA,NA,NA,NA,NA,NA,NA,NA,NA,1
"428",1,1,1,6,22,1,"            ","Senior                                            ","No_Choice     ",1,6,4,7,4,5,5,5,4,2,2,3,3,3,1,1,4.4,4.4,2.5,1,0
"429",1,1,1,6,20,0,"            ","2016                                              ","No_Choice     ",1,5,6,6,3,4,3,5,3,5,3,2,2,2,2,1,4,4.6,2,1,0
"430",1,1,1,7,20,1,"            ","Junior                                            ","ProAttitudinal",1,7,2,5,5,1,5,5,1,2,5,2,1,1,1,7,4.6,3,1.25,7,2
"431",1,1,1,6,20,1,"            ","15                                                ","High_Choice   ",1,5,5,3,5,5,3,5,2,3,5,2,2,2,1,1,5,3.2,1.75,1,1
"432",1,1,1,5,19,1,"            ","2016                                              ","High_Choice   ",1,3,4,6,2,1,1,1,1,5,1,3,1,1,1,2,1.6,3.4,1.5,2,1
"433",1,1,1,5,19,1,"            ","Sophomore                                         ","No_Choice     ",1,1,1,3,1,1,1,5,1,1,1,3,2,1,2,4,1.8,1.4,2,4,0
"434",1,1,1,6,24,0,"            ","3                                                 ","ProAttitudinal",1,2,4,2,2,2,3,3,1,4,4,1,2,1,1,4,2.6,2.8,1.25,4,2
"435",1,1,1,7,21,1,"            ","Senior                                            ","High_Choice   ",1,1,1,1,1,1,1,1,1,7,1,1,1,1,1,7,1,2.2,1,7,1
"436",1,1,1,7,20,0,"            ","2017                                              ","ProAttitudinal",1,4,4,3,3,3,3,3,1,5,4,2,2,2,2,5,3.4,3.2,2,5,2
"437",1,1,1,7,19,1,"            ","Sophomore                                         ","High_Choice   ",1,4,4,7,6,2,4,6,1,1,4,1,1,1,1,7,4.4,3.4,1,7,1
"438",1,1,1,6,20,1,"            ","Junior                                            ","ProAttitudinal",1,6,3,5,4,4,6,2,1,7,5,2,2,1,1,6,4.2,4.4,1.5,6,2
"439",1,1,1,5,21,1,"            ","Senior                                            ","No_Choice     ",1,1,5,3,7,5,3,3,2,6,6,2,1,1,1,6,4.4,3.8,1.25,6,0
"440",1,1,1,6,19,0,"            ","Sophomore                                         ","No_Choice     ",1,6,6,1,6,3,4,4,2,3,2,2,2,2,2,2,4.2,3.2,2,2,0
"441",1,1,1,7,20,1,"            ","Sophomore                                         ","ProAttitudinal",1,4,3,2,2,4,4,5,1,4,4,1,1,1,1,7,3.8,2.8,1,7,2
"442",1,1,1,7,19,1,"            ","Sophomore                                         ","ProAttitudinal",1,5,4,3,6,3,3,3,2,4,2,4,4,4,4,4,3.8,3.2,4,4,2
"443",1,1,1,7,20,1,"            ","Junior                                            ","No_Choice     ",1,4,2,6,4,1,2,4,1,6,3,2,2,4,4,1,3.2,3.4,3,1,0
"444",1,1,1,6,19,0,"            ","sophomore                                         ","High_Choice   ",1,1,5,5,2,1,2,1,2,7,1,1,2,4,4,1,1.2,4.2,2.75,1,1
"445",1,1,1,6,20,1,"            ","Junior                                            ","ProAttitudinal",1,5,5,3,6,5,6,6,5,7,5,2,2,2,2,6,5.4,5.2,2,6,2
"446",1,1,1,7,21,1,"            ","Senior (Class of 2015)                            ","No_Choice     ",1,5,4,6,5,4,7,3,1,6,4,2,2,2,2,7,4.2,4.8,2,7,0
"447",1,1,1,5,22,1,"            ","Senior                                            ","High_Choice   ",1,4,4,5,5,4,4,5,4,5,4,6,6,6,6,4,4.4,4.4,6,4,1
"448",1,1,1,5,21,1,"            ","Senior                                            ","ProAttitudinal",1,3,4,6,3,2,3,2,2,5,3,2,3,2,3,7,2.6,4,2.5,7,2
"449",1,1,1,7,23,0,"            ","harvard                                           ","No_Choice     ",1,7,7,7,7,7,7,7,7,7,7,5,5,5,5,5,7,7,5,5,0
"450",1,1,1,4,21,0,"            ","2015                                              ","High_Choice   ",1,4,4,1,3,1,2,2,1,2,3,4,4,4,4,5,2.6,2,4,5,1
"451",1,1,1,7,20,1,"            ","Junior                                            ","No_Choice     ",1,3,2,5,2,2,4,3,1,7,2,4,6,6,7,1,2.4,3.8,5.75,1,0
"452",1,1,1,7,18,0,"            ","Sophomore                                         ","ProAttitudinal",1,5,5,3,5,3,3,4,1,7,4,3,2,2,2,7,4.2,3.8,2.25,7,2
"453",1,1,0,7,25,0,"            ","Harvard                                           ","High_Choice   ",1,7,7,7,7,7,7,7,7,7,7,3,3,3,3,4,7,7,3,4,1
"454",1,1,0,7,25,0,"            ","Harvard                                           ","ProAttitudinal",1,2,7,7,3,1,7,2,7,7,1,1,1,1,1,4,1.8,7,1,4,2
"455",1,1,1,7,22,1,"            ","Harvard                                           ","ProAttitudinal",1,7,7,7,7,7,7,7,7,7,7,1,1,1,1,5,7,7,1,5,2
"456",1,1,0,7,24,0,"            ","Harvard                                           ","High_Choice   ",1,7,7,7,7,7,7,7,7,7,7,3,3,3,3,5,7,7,3,5,1
"457",1,1,1,7,22,0,"            ","Harvard                                           ","High_Choice   ",1,7,7,7,7,7,7,7,7,7,7,2,2,2,2,3,7,7,2,3,1
"458",1,1,0,7,25,0,"            ","Harvard                                           ","No_Choice     ",1,7,2,2,7,7,2,7,2,2,7,1,1,1,1,5,7,2,1,5,0
"459",1,1,1,7,23,1,"            ","Harvard                                           ","ProAttitudinal",1,1,7,7,2,1,7,1,7,7,1,1,1,3,1,3,1.2,7,1.5,3,2
"460",1,1,0,7,25,0,"            ","Harvard                                           ","High_Choice   ",1,7,7,7,7,7,7,7,7,7,7,3,3,3,3,4,7,7,3,4,1
"461",1,1,0,6,25,1,"            ","4                                                 ","No_Choice     ",1,3,5,4,6,5,3,6,5,4,6,5,6,7,5,6,5.2,4.2,5.75,6,0
"462",1,1,0,7,24,0,"            ","Harvard                                           ","No_Choice     ",1,7,4,4,7,7,4,7,4,4,7,3,3,3,3,5,7,4,3,5,0
"463",1,1,1,5,23,0,"            ","1                                                 ","High_Choice   ",1,2,6,5,6,6,4,7,3,5,6,6,5,6,7,5,5.4,4.6,6,5,1
"464",1,1,1,4,19,0,"            ","Sophomore                                         ","No_Choice     ",1,5,5,3,5,2,2,2,2,2,3,3,3,4,3,2,3.4,2.8,3.25,2,0
"465",1,1,1,6,28,1,"            ","5                                                 ","High_Choice   ",1,2,6,4,5,7,5,5,4,6,5,5,4,6,6,5,4.8,5,5.25,5,1
"466",1,1,1,6,22,1,"            ","Senior                                            ","ProAttitudinal",1,3,5,7,5,4,6,2,1,5,4,1,1,3,2,4,3.6,4.8,1.75,4,2
"467",1,1,1,6,20,0,"            ","Junior                                            ","High_Choice   ",1,1,2,1,2,1,1,2,1,1,2,5,5,5,4,3,1.6,1.2,4.75,3,1
"468",1,1,1,5,23,1,"            ","2015                                              ","High_Choice   ",1,4,4,4,2,2,6,6,4,7,4,2,2,2,2,2,3.6,5,2,2,1
"469",1,1,1,6,22,1,"            ","Senior                                            ","No_Choice     ",1,4,5,4,4,4,5,4,4,3,4,3,4,5,5,4,4,4.2,4.25,4,0
"470",1,1,1,6,22,0,"            ","2015/Senior                                       ","ProAttitudinal",1,5,5,7,7,7,7,7,1,7,7,1,1,1,1,7,6.6,5.4,1,7,2
"471",1,1,1,6,36,1,"            ","2010                                              ","High_Choice   ",1,3,3,4,4,4,4,4,4,4,4,5,5,6,6,6,3.8,3.8,5.5,6,1
"472",1,1,1,7,25,0,"            ","Harvard                                           ","ProAttitudinal",1,1,7,7,5,1,7,1,7,7,1,1,1,1,1,2,1.8,7,1,2,2
"473",1,1,0,5,25,0,"            ","Harvard                                           ","High_Choice   ",1,7,7,7,7,7,7,7,7,7,7,1,1,1,1,1,7,7,1,1,1
"474",1,1,1,7,22,1,"            ","Harvard                                           ","No_Choice     ",1,7,7,7,7,7,7,7,7,7,7,3,3,3,3,4,7,7,3,4,0
"475",1,1,1,7,23,1,"            ","Harvard                                           ","High_Choice   ",1,7,7,7,7,7,7,7,7,7,7,3,3,3,3,4,7,7,3,4,1
"476",1,1,0,7,25,0,"            ","Harvard                                           ","ProAttitudinal",1,1,7,7,1,1,7,1,7,7,1,4,3,4,4,5,1,7,3.75,5,2
"477",1,1,0,7,26,1,"            ","Harvard                                           ","No_Choice     ",1,7,4,4,7,7,4,7,4,4,7,4,4,4,4,5,7,4,4,5,0
"478",1,1,1,6,20,0,"            ","2013                                              ","No_Choice     ",1,6,5,4,5,6,5,5,6,5,5,2,3,3,3,2,5.4,5,2.75,2,0
"479",1,1,0,6,21,0,"            ","2012                                              ","ProAttitudinal",1,5,3,3,6,4,3,3,4,5,3,3,2,2,2,5,4.2,3.6,2.25,5,2
"480",1,1,1,7,24,1,"            ","Harvard                                           ","High_Choice   ",1,7,7,7,7,7,7,7,7,7,7,3,3,3,3,4,7,7,3,4,1
"481",1,1,1,7,27,0,"            ","Harvard                                           ","ProAttitudinal",1,2,7,7,2,1,7,2,7,7,2,1,1,1,1,5,1.8,7,1,5,2
"482",1,1,1,7,25,1,"            ","Harvard                                           ","High_Choice   ",1,7,7,7,7,7,7,7,7,7,7,3,3,3,3,5,7,7,3,5,1
"483",1,1,1,7,27,0,"            ","Harvard                                           ","No_Choice     ",1,7,7,7,7,7,7,7,7,7,7,5,5,5,5,5,7,7,5,5,0
"484",1,1,1,7,26,1,"            ","4                                                 ","High_Choice   ",1,3,4,6,5,5,6,4,5,5,6,5,4,6,7,6,4.6,5.2,5.5,6,1
"485",1,1,0,6,22,0,"            ","2012                                              ","High_Choice   ",1,6,3,4,6,3,6,3,4,5,4,3,3,3,3,3,4.4,4.4,3,3,1
"486",1,1,1,6,20,1,"            ","2013                                              ","No_Choice     ",1,5,4,5,5,5,4,5,6,5,5,3,2,3,3,4,5,4.8,2.75,4,0
"487",1,1,0,6,20,0,"            ","2013                                              ","ProAttitudinal",1,4,5,4,6,5,4,4,5,5,3,3,3,3,3,6,4.4,4.6,3,6,2
"488",1,1,1,5,20,0,"            ","Senior                                            ","ProAttitudinal",1,4,1,1,4,1,1,7,1,1,1,5,1,1,1,6,3.4,1,2,6,2
"489",1,1,0,3,22,1,"            ","2014                                              ","No_Choice     ",1,7,1,7,7,7,1,7,1,7,7,4,4,4,4,7,7,3.4,4,7,0
"490",1,1,1,7,19,0,"            ","2, sophomore                                      ","High_Choice   ",1,7,2,6,6,4,4,5,2,2,4,2,1,1,1,3,5.2,3.2,1.25,3,1
"491",1,1,0,6,21,0,"            ","2015                                              ","High_Choice   ",1,2,2,2,3,2,1,2,1,1,2,5,2,2,3,4,2.2,1.4,3,4,1
